{"cameraMode":{"drawMode":0,"name":"Shaded","section":"Shading Mode"},"sceneLighting":true,"audioPlay":false,"sceneViewState":{"m_AlwaysRefresh":false,"showFog":true,"showSkybox":true,"showFlares":true,"showImageEffects":true,"showParticleSystems":true,"showVisualEffectGraphs":true,"m_FxEnabled":true},"in2DMode":false,"pivot":{"x":1.1692458391189576,"y":-0.3205205798149109,"z":1.155064582824707},"rotation":{"x":-0.08954951167106629,"y":-0.11832015216350556,"z":0.010707555338740349,"w":-0.9888591170310974},"size":4.554337501525879,"orthographic":false}